{"factor_climatico": 0.10893768062972185, "factor_trafico": 0.16935500500888673, "es_feriado": 0.27910552991324494}